"TABLE 5. Average Published Tuition and Fees at Public Institutions by State in Current Dollars and in 2019 Dollars, 2004-05 to 2019-20",,,,,,,,,,,,,,,,,,,,,,,,,,,,,,,,,,,,,
,Public Two-Year In-District Tuition and Fees,,,,,,,,,,,,,,,,,,Public Four-Year In-State Tuition and Fees,,,,,,,,,,,,,,,,,,
In 2019 Dollars,2004-05,2005-06,2006-07,  2007-08 ,2008-09,2009-10,2010-11,2011-12,2012-13,2013-14,2014-15,2015-16,2016-17,2017-18,2018-19,2019-20,1-Year % Change,5-Year % Change,,2004-05,2005-06,2006-07,  2007-08 ,2008-09,2009-10,2010-11,2011-12,2012-13,2013-14,2014-15,2015-16,2016-17,2017-18,2018-19,2019-20,1-Year % Change,5-Year % Change
Alabama,"$3,695","$3,585","$3,513","$3,460","$3,307","$3,382","$4,021","$4,554","$4,578","$4,559","$4,584","$4,638","$4,686","$4,696","$4,847","$4,871",0%,6%,,"$6,109","$6,279","$6,185","$6,459","$6,961","$7,729","$8,677","$9,086","$9,781","$10,062","$10,209","$10,477","$10,750","$11,163","$10,972","$10,918",0%,7%
Alaska,N/A,N/A,N/A,N/A,N/A,N/A,N/A,N/A,N/A,N/A,N/A,N/A,N/A,N/A,N/A,N/A,N/A,N/A,,"$4,653","$4,980","$5,288","$5,450","$5,457","$5,864","$6,192","$6,195","$6,479","$6,464","$6,610","$7,207","$7,599","$7,798","$7,962","$8,233",3%,25%
Arizona,"$1,887","$1,998","$2,093","$2,077","$2,124","$2,285","$2,329","$2,443","$2,468","$2,563","$2,617","$2,660","$2,728","$2,725","$2,629","$2,606",-1%,0%,,"$5,524","$5,822","$5,893","$6,108","$6,513","$7,808","$9,503","$10,715","$10,894","$11,069","$11,196","$11,432","$11,654","$11,750","$11,754","$11,921",1%,6%
Arkansas,"$2,539","$2,600","$2,641","$2,633","$2,678","$2,833","$2,972","$3,024","$3,129","$3,302","$3,421","$3,658","$3,766","$3,784","$3,737","$3,761",1%,10%,,"$6,206","$6,539","$6,700","$6,897","$6,898","$7,125","$7,419","$7,557","$7,834","$7,965","$8,177","$8,474","$8,800","$8,962","$8,859","$9,033",2%,10%
California,"$1,095","$1,064",$913,$780,$740,$973,$964,"$1,271","$1,589","$1,565","$1,538","$1,529","$1,520","$1,488","$1,454","$1,428",-2%,-7%,,"$5,683","$5,943","$5,735","$6,098","$6,341","$7,804","$8,809","$10,145","$10,063","$9,970","$9,877","$9,963","$9,918","$10,272","$10,054","$9,966",-1%,1%
Colorado,"$3,005","$3,136","$2,996","$3,029","$2,974","$3,298","$3,674","$3,854","$4,006","$4,113","$4,200","$4,383","$4,548","$4,528","$4,591","$4,525",-1%,8%,,"$5,057","$5,813","$6,016","$6,695","$6,756","$7,470","$8,330","$8,940","$9,453","$9,991","$9,997","$10,480","$10,967","$11,330","$11,360","$11,380",0%,14%
Connecticut,"$3,259","$3,330","$3,369","$3,483","$3,481","$3,813","$4,011","$3,963","$4,029","$4,158","$4,163","$4,352","$4,465","$4,518","$4,484","$4,505",0%,8%,,"$8,583","$8,868","$8,996","$9,329","$9,376","$10,075","$10,565","$10,467","$10,790","$11,238","$11,465","$12,013","$12,560","$12,766","$12,974","$13,664",5%,19%
Delaware,"$3,398","$3,518","$3,603","$3,690","$3,796","$4,072","$4,206","$4,335","$4,313","$4,448","$4,624","$4,745","$4,832","$4,947","$4,943","$4,925",0%,7%,,"$8,980","$9,257","$9,334","$9,617","$9,671","$10,737","$11,325","$11,854","$12,216","$12,366","$12,379","$12,552","$12,719","$12,766","$12,957","$13,292",3%,7%
District of Columbia,N/A,N/A,N/A,N/A,N/A,N/A,N/A,N/A,N/A,N/A,N/A,N/A,N/A,N/A,N/A,N/A,N/A,N/A,,"$3,414","$3,309","$4,047","$4,644","$4,397","$6,398","$8,238","$7,950","$8,112","$7,969","$7,902","$7,978","$8,363","$8,448","$8,401","$8,444",1%,7%
Florida,"$2,411","$2,520","$2,561","$2,502","$2,673","$3,042","$3,263","$3,390","$3,462","$3,450","$3,420","$3,477","$3,447","$3,396","$3,305","$3,249",-2%,-5%,,"$4,137","$4,219","$4,180","$4,171","$4,462","$5,142","$5,924","$6,387","$6,983","$6,936","$6,821","$6,838","$6,775","$6,666","$6,468","$6,352",-2%,-7%
Georgia,"$2,811","$2,899","$2,819","$2,611","$2,454","$3,093","$3,295","$3,549","$3,712","$3,764","$3,876","$3,955","$4,019","$3,972","$3,871","$4,042",4%,4%,,"$4,621","$4,829","$4,928","$5,150","$5,194","$5,967","$6,911","$8,288","$8,443","$8,592","$8,668","$9,081","$8,972","$8,993","$8,698","$8,719",0%,1%
Hawaii,"$1,975","$2,002","$2,184","$2,397","$2,557","$2,911","$3,189","$3,367","$3,468","$3,572","$3,761","$3,939","$4,099","$4,035","$3,991","$4,018",1%,7%,,"$4,587","$4,584","$5,329","$6,180","$6,792","$7,909","$8,777","$9,503","$9,646","$9,966","$10,442","$10,939","$11,356","$11,121","$10,997","$10,978",0%,5%
Idaho,"$2,436","$2,463","$2,495","$2,577","$2,603","$2,881","$3,006","$3,170","$3,487","$4,061","$4,037","$4,162","$4,282","$4,297","$4,267","$4,192",-2%,4%,,"$4,865","$5,150","$5,240","$5,398","$5,380","$5,821","$6,273","$6,453","$6,707","$6,947","$7,106","$7,330","$7,477","$7,599","$7,729","$7,999",3%,13%
Illinois,"$2,696","$2,819","$2,901","$3,005","$3,029","$3,251","$3,542","$3,580","$3,639","$3,727","$3,816","$4,030","$4,154","$4,255","$4,213","$4,198",0%,10%,,"$8,797","$9,078","$10,159","$11,208","$11,689","$12,403","$12,909","$13,208","$13,627","$13,818","$13,774","$14,005","$14,329","$14,360","$14,254","$14,166",-1%,3%
Indiana,"$3,500","$3,582","$3,634","$3,699","$3,659","$3,907","$4,050","$4,018","$4,099","$4,184","$4,499","$4,648","$4,753","$4,800","$4,785","$4,840",1%,8%,,"$7,921","$8,082","$8,264","$8,468","$8,424","$9,106","$9,401","$9,475","$9,760","$9,803","$9,728","$9,804","$9,857","$9,832","$9,659","$9,675",0%,-1%
Iowa,"$3,956","$4,057","$4,037","$4,103","$4,096","$4,409","$4,604","$4,669","$4,761","$4,819","$4,871","$5,092","$5,238","$5,314","$5,420","$5,459",1%,12%,,"$7,325","$7,378","$7,439","$7,659","$7,504","$7,997","$8,421","$8,588","$8,770","$8,608","$8,459","$8,469","$8,817","$9,182","$9,245","$9,364",1%,11%
Kansas,"$2,394","$2,427","$2,379","$2,375","$2,314","$2,527","$2,684","$2,682","$2,819","$2,794","$2,885","$2,988","$3,142","$3,176","$3,200","$3,194",0%,11%,,"$5,746","$6,170","$6,573","$7,078","$7,010","$7,520","$7,799","$7,859","$8,153","$8,489","$8,891","$9,077","$9,496","$9,308","$9,255","$9,196",-1%,3%
Kentucky,"$3,752","$3,950","$4,123","$4,250","$4,297","$4,479","$4,590","$4,601","$4,705","$4,747","$4,804","$5,002","$5,235","$5,346","$5,412","$5,460",1%,14%,,"$6,063","$6,603","$7,267","$7,734","$7,942","$8,478","$8,849","$9,056","$9,476","$9,556","$9,916","$10,285","$10,630","$10,817","$10,909","$10,902",0%,10%
Louisiana,"$2,354","$2,417","$2,364","$2,359","$2,271","$2,441","$2,603","$3,067","$3,361","$3,713","$3,903","$4,268","$4,323","$4,339","$4,267","$4,189",-2%,7%,,"$4,787","$4,852","$4,753","$4,718","$4,751","$5,102","$5,570","$5,958","$6,579","$7,255","$7,888","$8,740","$9,524","$9,758","$9,678","$9,614",-1%,22%
Maine,"$3,515","$3,692","$3,689","$3,843","$3,681","$3,855","$3,837","$3,781","$3,733","$3,732","$3,759","$3,753","$3,770","$3,794","$3,830","$3,767",-2%,0%,,"$7,587","$7,964","$8,341","$9,034","$9,422","$10,179","$10,527","$10,637","$10,486","$10,315","$10,278","$10,292","$10,328","$10,377","$10,396","$10,478",1%,2%
Maryland,"$4,034","$4,061","$3,936","$4,006","$3,883","$4,044","$4,198","$4,211","$4,352","$4,384","$4,452","$4,595","$4,709","$4,748","$4,766","$4,782",0%,7%,,"$9,171","$9,371","$9,098","$9,009","$8,622","$8,907","$9,105","$9,041","$9,194","$9,314","$9,350","$9,851","$9,977","$10,157","$10,087","$10,115",0%,8%
Massachusetts,"$4,553","$4,593","$4,512","$4,550","$4,578","$5,112","$5,407","$5,470","$5,727","$5,648","$5,717","$6,125","$6,217","$6,331","$6,384","$6,580",3%,15%,,"$9,529","$9,631","$9,561","$9,715","$9,610","$11,007","$11,166","$11,544","$11,926","$11,805","$11,812","$12,486","$13,127","$13,406","$13,458","$13,641",1%,15%
Michigan,"$2,703","$2,792","$2,813","$2,869","$2,864","$3,011","$3,170","$3,249","$3,407","$3,542","$3,637","$3,737","$3,824","$3,952","$3,931","$3,991",2%,10%,,"$8,526","$9,319","$9,674","$10,469","$10,649","$11,629","$11,928","$12,312","$12,535","$12,741","$12,490","$12,895","$13,302","$13,689","$13,690","$13,771",1%,10%
Minnesota,"$5,141","$5,269","$5,376","$5,476","$5,321","$5,646","$5,813","$5,861","$6,013","$5,902","$5,796","$5,795","$5,731","$5,712","$5,544","$5,605",1%,-3%,,"$8,755","$9,118","$9,479","$9,605","$9,701","$10,470","$11,047","$11,377","$11,603","$11,494","$11,377","$11,645","$11,745","$11,886","$11,740","$11,834",1%,4%
Mississippi,"$2,094","$2,190","$2,135","$2,105","$2,065","$2,210","$2,494","$2,504","$2,537","$2,628","$2,724","$2,779","$2,954","$3,239","$3,248","$3,332",3%,22%,,"$5,406","$5,494","$5,611","$5,859","$5,770","$5,900","$6,230","$6,443","$6,897","$7,211","$7,386","$7,684","$7,976","$8,333","$8,568","$8,596",0%,16%
Missouri,"$2,915","$2,992","$3,015","$3,086","$3,016","$3,074","$3,036","$3,107","$3,234","$3,280","$3,315","$3,434","$3,480","$3,627","$3,647","$3,780",4%,14%,,"$8,039","$8,234","$8,228","$8,431","$8,431","$8,596","$8,557","$8,728","$8,898","$8,889","$9,040","$9,196","$9,199","$8,909","$8,806","$9,022",2%,0%
Montana,"$3,205","$3,243","$3,243","$3,412","$3,387","$3,548","$3,565","$3,468","$3,465","$3,481","$3,418","$3,494","$3,538","$3,815","$3,780","$3,796",0%,11%,,"$6,053","$6,458","$6,629","$6,531","$6,224","$6,535","$6,605","$6,679","$6,893","$6,838","$6,774","$6,828","$6,857","$7,243","$7,230","$7,204",0%,6%
Nebraska,"$2,388","$2,450","$2,538","$2,654","$2,613","$2,733","$2,839","$2,829","$2,913","$2,939","$2,976","$3,111","$3,191","$3,239","$3,236","$3,271",1%,10%,,"$6,394","$6,962","$6,593","$6,874","$6,947","$7,427","$7,767","$7,843","$8,045","$8,034","$7,900","$8,179","$8,416","$8,689","$8,682","$8,745",1%,11%
Nevada,"$2,154","$2,157","$2,137","$2,172","$2,241","$2,409","$2,640","$2,854","$3,024","$2,966","$2,908","$3,016","$3,103","$3,375","$3,464","$3,543",2%,22%,,"$3,893","$3,964","$4,596","$4,863","$5,129","$5,413","$6,259","$6,863","$7,156","$7,015","$6,921","$7,161","$7,367","$7,683","$7,805","$7,953",2%,15%
New Hampshire,"$6,340","$6,807","$6,599","$6,909","$6,540","$7,020","$7,380","$7,636","$7,544","$7,397","$7,013","$7,001","$6,965","$7,169","$7,224","$7,095",-2%,1%,,"$10,952","$11,271","$11,507","$11,945","$12,006","$13,195","$14,059","$15,334","$16,367","$16,093","$15,864","$16,298","$16,738","$16,854","$16,859","$16,916",0%,7%
New Jersey,"$3,796","$3,870","$4,019","$4,172","$4,141","$4,520","$4,616","$4,669","$4,659","$4,686","$4,782","$4,945","$5,034","$5,104","$5,127","$5,218",2%,9%,,"$10,809","$11,294","$11,764","$12,285","$12,537","$13,264","$13,709","$13,662","$13,906","$13,974","$14,005","$14,305","$14,460","$14,527","$14,441","$14,536",1%,4%
New Mexico,"$1,409","$1,468","$1,389","$1,408","$1,337","$1,439","$1,559","$1,702","$1,784","$1,774","$1,782","$1,780","$1,828","$1,845","$1,875","$1,859",-1%,4%,,"$5,295","$5,577","$5,114","$5,232","$5,272","$5,702","$6,035","$6,172","$6,359","$6,547","$6,628","$6,887","$7,075","$7,253","$7,256","$7,432",2%,12%
New York,"$4,432","$4,442","$4,362","$4,369","$4,261","$4,612","$4,662","$4,830","$4,987","$5,073","$5,224","$5,486","$5,537","$5,608","$5,594","$5,634",1%,8%,,"$6,703","$6,573","$6,356","$6,252","$5,973","$6,839","$6,818","$7,046","$7,349","$7,608","$7,854","$8,219","$8,221","$8,312","$8,307","$8,434",2%,7%
North Carolina,"$1,619","$1,635","$1,585","$1,652","$1,575","$1,906","$2,090","$2,351","$2,421","$2,475","$2,477","$2,502","$2,589","$2,557","$2,501","$2,449",-2%,-1%,,"$4,831","$4,799","$5,128","$5,304","$5,122","$5,408","$6,264","$6,461","$6,944","$7,157","$7,186","$7,493","$7,675","$7,735","$7,359","$7,281",-1%,1%
North Dakota,"$4,064","$4,254","$4,166","$4,256","$4,476","$4,620","$4,566","$4,459","$4,445","$4,509","$4,514","$4,737","$4,723","$4,821","$4,905","$4,989",2%,11%,,"$6,240","$6,662","$6,949","$7,148","$7,123","$7,548","$7,731","$7,792","$7,846","$7,989","$8,092","$8,265","$8,412","$8,584","$8,826","$9,289",5%,15%
Ohio,"$4,336","$4,439","$4,331","$4,330","$4,101","$4,164","$4,392","$4,489","$4,712","$4,804","$4,880","$4,874","$4,607","$4,601","$4,788","$4,873",2%,0%,,"$11,157","$10,951","$10,647","$10,423","$9,884","$10,133","$10,658","$10,730","$10,939","$10,919","$10,862","$10,971","$10,989","$10,964","$11,001","$11,330",3%,4%
Oklahoma,"$2,853","$2,937","$2,907","$3,062","$3,141","$3,222","$3,333","$3,434","$3,542","$3,612","$3,765","$3,921","$4,221","$4,350","$4,464","$4,494",1%,19%,,"$4,789","$4,987","$5,588","$6,150","$6,580","$6,459","$6,767","$6,895","$7,171","$7,230","$7,626","$8,009","$8,564","$8,899","$8,960","$8,919",0%,17%
Oregon,"$3,878","$3,895","$3,985","$3,969","$3,891","$4,302","$4,407","$4,566","$4,728","$4,865","$4,909","$5,007","$5,102","$5,293","$5,422","$5,624",4%,15%,,"$7,073","$7,130","$7,030","$7,324","$7,277","$8,228","$8,749","$9,078","$9,309","$9,446","$9,621","$10,075","$10,384","$10,817","$10,800","$11,220",4%,17%
Pennsylvania,"$3,885","$4,007","$3,921","$3,983","$3,902","$4,108","$4,084","$4,460","$4,704","$4,888","$5,059","$5,297","$5,572","$5,587","$5,581","$5,658",1%,12%,,"$11,175","$11,349","$11,411","$12,061","$12,076","$12,824","$13,335","$13,724","$13,861","$14,061","$14,145","$14,398","$14,867","$15,209","$15,082","$14,937",-1%,6%
Puerto Rico,N/A,N/A,N/A,N/A,N/A,N/A,N/A,N/A,N/A,N/A,N/A,N/A,N/A,N/A,N/A,N/A,N/A,N/A,,"$1,590","$1,853","$1,792","$2,200","$2,179","$2,254","$3,000","$2,967","$3,070","$2,100","$2,248","$2,269","$2,319","$2,201","$3,823","$4,004",5%,78%
Rhode Island,"$3,129","$3,243","$3,386","$3,506","$3,604","$4,022","$4,298","$4,175","$4,424","$4,338","$4,254","$4,586","$4,548","$4,780","$4,647","$4,700",1%,10%,,"$8,037","$8,455","$8,557","$8,894","$9,013","$10,131","$10,967","$11,373","$12,230","$11,967","$11,801","$12,251","$12,179","$12,829","$12,793","$13,060",2%,11%
South Carolina,"$3,831","$3,862","$3,940","$3,985","$3,903","$4,147","$4,291","$4,221","$4,757","$4,933","$4,999","$5,130","$5,314","$5,681","$5,727","$5,854",2%,17%,,"$8,956","$9,697","$9,977","$10,311","$10,652","$11,342","$11,843","$11,761","$12,032","$12,264","$12,331","$12,703","$13,015","$13,207","$13,201","$13,057",-1%,6%
South Dakota,"$4,111","$4,197","$4,348","$4,429","$4,595","$5,140","$5,396","$5,614","$6,124","$6,086","$6,143","$6,599","$6,708","$6,876","$6,802","$6,989",3%,14%,,"$5,890","$6,031","$6,265","$6,581","$6,646","$7,185","$7,435","$7,715","$8,274","$8,396","$8,292","$8,660","$8,701","$8,846","$8,841","$8,977",2%,8%
Tennessee,"$2,976","$3,138","$3,139","$3,242","$3,239","$3,540","$3,761","$4,034","$4,098","$4,133","$4,250","$4,471","$4,544","$4,528","$4,658","$4,646",0%,9%,,"$5,833","$6,254","$6,270","$6,608","$6,632","$7,265","$7,676","$8,143","$8,596","$8,826","$9,612","$9,959","$10,168","$10,272","$10,158","$10,255",1%,7%
Texas,"$1,872","$1,929","$2,030","$2,031","$1,939","$2,080","$2,187","$2,317","$2,403","$2,421","$2,466","$2,498","$2,598","$2,683","$2,664","$2,754",3%,12%,,"$6,875","$7,071","$7,546","$7,945","$8,070","$8,731","$9,114","$9,145","$9,344","$9,359","$9,517","$9,913","$10,167","$10,356","$10,347","$10,468",1%,10%
Utah,"$2,732","$2,830","$2,930","$3,010","$2,980","$3,229","$3,374","$3,426","$3,527","$3,638","$3,733","$3,833","$3,903","$3,931","$3,882","$3,901",0%,5%,,"$4,435","$4,705","$4,811","$5,000","$4,986","$5,448","$5,786","$6,019","$6,285","$6,496","$6,635","$6,840","$6,994","$7,106","$7,114","$7,162",1%,8%
Vermont,"$6,394","$6,552","$6,594","$6,775","$6,800","$7,232","$7,355","$7,405","$7,604","$7,787","$7,883","$8,095","$8,252","$8,364","$8,262","$8,205",-1%,4%,,"$11,898","$12,143","$12,334","$12,915","$13,228","$14,316","$14,680","$14,871","$15,146","$15,338","$15,590","$16,119","$16,592","$16,802","$17,306","$17,474",1%,12%
Virginia,"$2,819","$2,877","$2,991","$3,154","$3,336","$3,678","$4,219","$4,523","$4,695","$4,755","$4,911","$5,162","$5,302","$5,377","$5,349","$5,255",-2%,7%,,"$7,558","$7,909","$8,266","$8,632","$8,843","$9,455","$10,367","$10,829","$11,088","$11,386","$12,043","$12,705","$13,170","$13,437","$13,735","$13,627",-1%,13%
Washington,"$3,362","$3,457","$3,452","$3,546","$3,455","$3,757","$3,954","$4,331","$4,752","$4,729","$4,626","$4,485","$4,482","$4,518","$4,564","$4,611",1%,0%,,"$6,657","$6,896","$7,149","$7,373","$7,504","$8,722","$9,647","$10,782","$11,865","$11,874","$11,507","$11,059","$9,884","$9,947","$10,023","$10,077",1%,-12%
West Virginia,"$2,819","$2,760","$2,783","$2,888","$2,892","$3,136","$2,970","$3,074","$3,273","$3,601","$4,018","$4,117","$4,268","$4,381","$4,377","$4,384",0%,9%,,"$4,919","$5,083","$5,252","$5,427","$5,490","$5,933","$6,150","$6,287","$6,591","$6,868","$7,201","$7,679","$7,987","$8,291","$8,445","$8,487",0%,18%
Wisconsin,"$3,937","$4,112","$3,965","$4,028","$3,991","$4,178","$4,264","$4,348","$4,513","$4,590","$4,643","$4,802","$4,621","$4,675","$4,632","$4,619",0%,-1%,,"$7,069","$7,387","$7,618","$7,899","$7,927","$8,541","$9,075","$9,309","$9,732","$9,601","$9,445","$9,470","$9,524","$9,349","$9,178","$9,104",-1%,-4%
Wyoming,"$2,284","$2,324","$2,307","$2,367","$2,354","$2,578","$2,616","$2,643","$2,733","$2,861","$2,914","$2,990","$3,198","$3,354","$3,305","$4,173",26%,43%,,"$4,393","$4,502","$4,432","$4,378","$4,224","$4,439","$4,622","$4,685","$4,791","$4,837","$5,003","$5,258","$5,389","$5,471","$5,498","$5,581",2%,12%
,Public Two-Year In-District Tuition and Fees,,,,,,,,,,,,,,,,,,Public Four-Year In-State Tuition and Fees,,,,,,,,,,,,,,,,,,
In Current Dollars,2004-05,2005-06,2006-07,  2007-08 ,2008-09,2009-10,2010-11,2011-12,2012-13,2013-14,2014-15,2015-16,2016-17,2017-18,2018-19,2019-20,1-Year % Change,5-Year % Change,,2004-05,2005-06,2006-07,  2007-08 ,2008-09,2009-10,2010-11,2011-12,2012-13,2013-14,2014-15,2015-16,2016-17,2017-18,2018-19_rev,2019-20,1-Year % Change,5-Year % Change
Alabama,"$2,728","$2,730","$2,786","$2,809","$2,835","$2,839","$3,417","$4,010","$4,088","$4,151","$4,257","$4,314","$4,395","$4,480","$4,760","$4,871",2%,14%,,"$4,510","$4,782","$4,906","$5,244","$5,968","$6,487","$7,373","$8,001","$8,734","$9,161","$9,480","$9,746","$10,083","$10,650","$10,777","$10,918",1%,15%
Alaska,N/A,N/A,N/A,N/A,N/A,N/A,N/A,N/A,N/A,N/A,N/A,N/A,N/A,N/A,N/A,N/A,N/A,N/A,,"$3,435","$3,793","$4,194","$4,425","$4,678","$4,922","$5,261","$5,455","$5,785","$5,885","$6,138","$6,703","$7,128","$7,440","$7,821","$8,233",5%,34%
Arizona,"$1,393","$1,522","$1,660","$1,686","$1,821","$1,918","$1,979","$2,151","$2,204","$2,334","$2,430","$2,475","$2,559","$2,600","$2,582","$2,606",1%,7%,,"$4,078","$4,434","$4,674","$4,959","$5,584","$6,554","$8,075","$9,435","$9,728","$10,078","$10,396","$10,634","$10,931","$11,210","$11,545","$11,921",3%,15%
Arkansas,"$1,874","$1,980","$2,095","$2,138","$2,296","$2,378","$2,525","$2,663","$2,794","$3,006","$3,177","$3,403","$3,533","$3,610","$3,670","$3,761",2%,18%,,"$4,581","$4,980","$5,314","$5,599","$5,914","$5,980","$6,304","$6,654","$6,995","$7,251","$7,594","$7,882","$8,254","$8,550","$8,701","$9,033",4%,19%
California,$808,$810,$724,$633,$634,$817,$819,"$1,119","$1,419","$1,425","$1,428","$1,422","$1,426","$1,420","$1,428","$1,428",0%,0%,,"$4,195","$4,526","$4,549","$4,951","$5,436","$6,550","$7,485","$8,933","$8,986","$9,078","$9,171","$9,267","$9,302","$9,800","$9,875","$9,966",1%,9%
Colorado,"$2,218","$2,388","$2,376","$2,459","$2,550","$2,768","$3,122","$3,394","$3,577","$3,745","$3,900","$4,077","$4,265","$4,320","$4,510","$4,525",0%,16%,,"$3,733","$4,427","$4,772","$5,435","$5,792","$6,270","$7,078","$7,872","$8,441","$9,096","$9,283","$9,748","$10,287","$10,810","$11,157","$11,380",2%,23%
Connecticut,"$2,406","$2,536","$2,672","$2,828","$2,984","$3,200","$3,408","$3,490","$3,598","$3,786","$3,866","$4,048","$4,187","$4,310","$4,405","$4,505",2%,17%,,"$6,336","$6,754","$7,135","$7,574","$8,038","$8,456","$8,977","$9,217","$9,635","$10,232","$10,646","$11,174","$11,781","$12,180","$12,744","$13,664",7%,28%
Delaware,"$2,509","$2,679","$2,858","$2,996","$3,255","$3,418","$3,574","$3,817","$3,851","$4,050","$4,294","$4,414","$4,533","$4,720","$4,855","$4,925",1%,15%,,"$6,629","$7,050","$7,403","$7,808","$8,291","$9,012","$9,623","$10,438","$10,908","$11,259","$11,495","$11,676","$11,929","$12,180","$12,726","$13,292",4%,16%
District of Columbia,N/A,N/A,N/A,N/A,N/A,N/A,N/A,N/A,N/A,N/A,N/A,N/A,N/A,N/A,N/A,N/A,N/A,N/A,,"$2,520","$2,520","$3,210","$3,770","$3,770","$5,370","$7,000","$7,000","$7,244","$7,255","$7,338","$7,421","$7,844","$8,060","$8,252","$8,444",2%,15%
Florida,"$1,780","$1,919","$2,031","$2,031","$2,292","$2,553","$2,773","$2,985","$3,091","$3,141","$3,176","$3,234","$3,234","$3,240","$3,246","$3,249",0%,2%,,"$3,054","$3,213","$3,315","$3,386","$3,825","$4,316","$5,034","$5,624","$6,235","$6,315","$6,334","$6,360","$6,355","$6,360","$6,353","$6,352",0%,0%
Georgia,"$2,075","$2,208","$2,236","$2,120","$2,104","$2,596","$2,800","$3,125","$3,315","$3,427","$3,599","$3,678","$3,770","$3,790","$3,802","$4,042",6%,12%,,"$3,411","$3,678","$3,909","$4,181","$4,453","$5,008","$5,872","$7,298","$7,539","$7,823","$8,049","$8,447","$8,415","$8,580","$8,544","$8,719",2%,8%
Hawaii,"$1,458","$1,525","$1,732","$1,946","$2,192","$2,443","$2,710","$2,965","$3,097","$3,252","$3,492","$3,664","$3,844","$3,850","$3,920","$4,018",2%,15%,,"$3,386","$3,491","$4,227","$5,017","$5,823","$6,638","$7,458","$8,368","$8,613","$9,073","$9,696","$10,175","$10,651","$10,610","$10,801","$10,978",2%,13%
Idaho,"$1,798","$1,876","$1,979","$2,092","$2,232","$2,418","$2,554","$2,791","$3,114","$3,697","$3,749","$3,872","$4,016","$4,100","$4,192","$4,192",0%,12%,,"$3,591","$3,922","$4,156","$4,382","$4,612","$4,886","$5,330","$5,682","$5,989","$6,325","$6,599","$6,818","$7,013","$7,250","$7,591","$7,999",5%,21%
Illinois,"$1,990","$2,147","$2,301","$2,440","$2,597","$2,729","$3,010","$3,152","$3,249","$3,393","$3,544","$3,748","$3,896","$4,060","$4,138","$4,198",1%,18%,,"$6,494","$6,914","$8,058","$9,099","$10,021","$10,410","$10,969","$11,630","$12,168","$12,580","$12,791","$13,027","$13,440","$13,700","$14,000","$14,166",1%,11%
Indiana,"$2,584","$2,728","$2,882","$3,003","$3,137","$3,279","$3,441","$3,538","$3,660","$3,809","$4,178","$4,324","$4,458","$4,580","$4,700","$4,840",3%,16%,,"$5,847","$6,155","$6,555","$6,875","$7,222","$7,643","$7,988","$8,343","$8,715","$8,926","$9,033","$9,120","$9,245","$9,380","$9,487","$9,675",2%,7%
Iowa,"$2,920","$3,090","$3,202","$3,331","$3,512","$3,701","$3,912","$4,111","$4,251","$4,387","$4,523","$4,736","$4,913","$5,070","$5,324","$5,459",3%,21%,,"$5,407","$5,619","$5,900","$6,218","$6,433","$6,712","$7,155","$7,562","$7,831","$7,837","$7,855","$7,877","$8,270","$8,760","$9,081","$9,364",3%,19%
Kansas,"$1,767","$1,848","$1,887","$1,928","$1,984","$2,121","$2,281","$2,362","$2,517","$2,544","$2,679","$2,779","$2,947","$3,030","$3,143","$3,194",2%,19%,,"$4,242","$4,699","$5,213","$5,746","$6,010","$6,312","$6,627","$6,920","$7,280","$7,729","$8,256","$8,443","$8,907","$8,880","$9,091","$9,196",1%,11%
Kentucky,"$2,770","$3,008","$3,270","$3,450","$3,684","$3,759","$3,900","$4,051","$4,201","$4,322","$4,461","$4,653","$4,910","$5,100","$5,316","$5,460",3%,22%,,"$4,476","$5,029","$5,764","$6,279","$6,809","$7,116","$7,519","$7,974","$8,462","$8,701","$9,208","$9,567","$9,971","$10,320","$10,715","$10,902",2%,18%
Louisiana,"$1,738","$1,841","$1,875","$1,915","$1,947","$2,049","$2,212","$2,701","$3,001","$3,381","$3,625","$3,970","$4,055","$4,140","$4,191","$4,189",0%,16%,,"$3,534","$3,695","$3,770","$3,830","$4,073","$4,282","$4,733","$5,246","$5,875","$6,605","$7,324","$8,130","$8,933","$9,310","$9,506","$9,614",1%,31%
Maine,"$2,595","$2,812","$2,926","$3,120","$3,156","$3,236","$3,260","$3,329","$3,333","$3,398","$3,490","$3,491","$3,536","$3,620","$3,762","$3,767",0%,8%,,"$5,601","$6,065","$6,616","$7,334","$8,078","$8,544","$8,945","$9,366","$9,363","$9,391","$9,544","$9,573","$9,687","$9,900","$10,211","$10,478",3%,10%
Maryland,"$2,978","$3,093","$3,122","$3,252","$3,329","$3,394","$3,567","$3,708","$3,886","$3,992","$4,135","$4,274","$4,417","$4,530","$4,681","$4,782",2%,16%,,"$6,770","$7,137","$7,216","$7,314","$7,392","$7,476","$7,737","$7,961","$8,210","$8,480","$8,682","$9,163","$9,358","$9,690","$9,907","$10,115",2%,16%
Massachusetts,"$3,361","$3,498","$3,579","$3,694","$3,925","$4,291","$4,594","$4,817","$5,114","$5,142","$5,309","$5,697","$5,831","$6,040","$6,271","$6,580",5%,24%,,"$7,034","$7,335","$7,583","$7,887","$8,239","$9,239","$9,488","$10,165","$10,649","$10,748","$10,968","$11,615","$12,312","$12,790","$13,218","$13,641",3%,24%
Michigan,"$1,995","$2,126","$2,231","$2,329","$2,455","$2,527","$2,694","$2,861","$3,042","$3,225","$3,378","$3,476","$3,587","$3,770","$3,861","$3,991",3%,18%,,"$6,294","$7,097","$7,673","$8,499","$9,130","$9,761","$10,135","$10,841","$11,193","$11,600","$11,599","$11,994","$12,477","$13,060","$13,446","$13,771",2%,19%
Minnesota,"$3,795","$4,013","$4,264","$4,446","$4,562","$4,739","$4,939","$5,161","$5,369","$5,373","$5,382","$5,391","$5,375","$5,450","$5,446","$5,605",3%,4%,,"$6,463","$6,944","$7,518","$7,798","$8,317","$8,788","$9,387","$10,018","$10,361","$10,464","$10,564","$10,831","$11,016","$11,340","$11,531","$11,834",3%,12%
Mississippi,"$1,546","$1,668","$1,693","$1,709","$1,770","$1,855","$2,119","$2,205","$2,265","$2,393","$2,529","$2,585","$2,770","$3,090","$3,191","$3,332",4%,32%,,"$3,991","$4,184","$4,450","$4,757","$4,947","$4,952","$5,294","$5,673","$6,159","$6,565","$6,859","$7,147","$7,481","$7,950","$8,416","$8,596",2%,25%
Missouri,"$2,152","$2,279","$2,391","$2,505","$2,586","$2,580","$2,580","$2,736","$2,888","$2,986","$3,078","$3,194","$3,264","$3,460","$3,582","$3,780",6%,23%,,"$5,934","$6,271","$6,526","$6,845","$7,228","$7,215","$7,271","$7,685","$7,945","$8,093","$8,395","$8,553","$8,628","$8,500","$8,650","$9,022",4%,7%
Montana,"$2,366","$2,470","$2,572","$2,770","$2,904","$2,978","$3,029","$3,054","$3,094","$3,170","$3,174","$3,250","$3,319","$3,640","$3,713","$3,796",2%,20%,,"$4,468","$4,918","$5,258","$5,302","$5,336","$5,485","$5,612","$5,881","$6,155","$6,225","$6,291","$6,351","$6,431","$6,910","$7,102","$7,204",1%,15%
Nebraska,"$1,763","$1,866","$2,013","$2,155","$2,240","$2,294","$2,412","$2,491","$2,601","$2,676","$2,764","$2,894","$2,993","$3,090","$3,179","$3,271",3%,18%,,"$4,720","$5,302","$5,229","$5,581","$5,956","$6,234","$6,600","$6,906","$7,184","$7,315","$7,335","$7,608","$7,894","$8,290","$8,527","$8,745",3%,19%
Nevada,"$1,590","$1,643","$1,695","$1,763","$1,921","$2,022","$2,243","$2,513","$2,700","$2,700","$2,700","$2,805","$2,910","$3,220","$3,403","$3,543",4%,31%,,"$2,874","$3,019","$3,645","$3,948","$4,397","$4,543","$5,318","$6,043","$6,390","$6,387","$6,427","$6,661","$6,910","$7,330","$7,667","$7,953",4%,24%
New Hampshire,"$4,680","$5,184","$5,234","$5,609","$5,607","$5,892","$6,271","$6,724","$6,736","$6,735","$6,512","$6,512","$6,533","$6,840","$7,095","$7,095",0%,9%,,"$8,085","$8,584","$9,127","$9,698","$10,293","$11,075","$11,946","$13,502","$14,615","$14,652","$14,731","$15,160","$15,700","$16,080","$16,559","$16,916",2%,15%
New Jersey,"$2,802","$2,947","$3,188","$3,387","$3,550","$3,794","$3,922","$4,111","$4,160","$4,266","$4,441","$4,600","$4,721","$4,870","$5,036","$5,218",4%,18%,,"$7,979","$8,601","$9,331","$9,974","$10,748","$11,133","$11,649","$12,030","$12,417","$12,723","$13,005","$13,306","$13,562","$13,860","$14,184","$14,536",2%,12%
New Mexico,"$1,040","$1,118","$1,102","$1,143","$1,146","$1,208","$1,325","$1,499","$1,593","$1,615","$1,654","$1,656","$1,715","$1,760","$1,842","$1,859",1%,12%,,"$3,909","$4,247","$4,056","$4,248","$4,520","$4,786","$5,128","$5,435","$5,678","$5,960","$6,155","$6,406","$6,636","$6,920","$7,127","$7,432",4%,21%
New York,"$3,272","$3,383","$3,460","$3,547","$3,653","$3,871","$3,961","$4,253","$4,453","$4,619","$4,851","$5,103","$5,193","$5,350","$5,495","$5,634",3%,16%,,"$4,948","$5,006","$5,041","$5,076","$5,121","$5,740","$5,793","$6,204","$6,562","$6,926","$7,293","$7,645","$7,710","$7,930","$8,159","$8,434",3%,16%
North Carolina,"$1,195","$1,245","$1,257","$1,341","$1,350","$1,600","$1,776","$2,070","$2,162","$2,253","$2,300","$2,327","$2,429","$2,440","$2,456","$2,449",0%,6%,,"$3,566","$3,655","$4,067","$4,306","$4,391","$4,539","$5,323","$5,689","$6,201","$6,516","$6,673","$6,969","$7,199","$7,380","$7,228","$7,281",1%,9%
North Dakota,"$3,000","$3,240","$3,304","$3,455","$3,837","$3,878","$3,880","$3,926","$3,969","$4,105","$4,192","$4,406","$4,430","$4,600","$4,818","$4,989",4%,19%,,"$4,606","$5,074","$5,512","$5,803","$6,107","$6,335","$6,569","$6,861","$7,006","$7,274","$7,514","$7,688","$7,890","$8,190","$8,669","$9,289",7%,24%
Ohio,"$3,201","$3,381","$3,435","$3,515","$3,516","$3,495","$3,732","$3,953","$4,208","$4,374","$4,531","$4,534","$4,321","$4,390","$4,703","$4,873",4%,8%,,"$8,236","$8,340","$8,444","$8,462","$8,474","$8,505","$9,056","$9,448","$9,768","$9,942","$10,087","$10,205","$10,307","$10,460","$10,805","$11,330",5%,12%
Oklahoma,"$2,106","$2,237","$2,306","$2,486","$2,693","$2,704","$2,832","$3,024","$3,163","$3,288","$3,497","$3,647","$3,959","$4,150","$4,384","$4,494",3%,29%,,"$3,535","$3,798","$4,432","$4,993","$5,641","$5,421","$5,750","$6,071","$6,403","$6,583","$7,082","$7,450","$8,032","$8,490","$8,800","$8,919",1%,26%
Oregon,"$2,863","$2,966","$3,161","$3,222","$3,336","$3,611","$3,745","$4,021","$4,222","$4,429","$4,559","$4,657","$4,785","$5,050","$5,325","$5,624",6%,23%,,"$5,221","$5,430","$5,576","$5,946","$6,239","$6,906","$7,434","$7,994","$8,312","$8,600","$8,934","$9,371","$9,740","$10,320","$10,608","$11,220",6%,26%
Pennsylvania,"$2,868","$3,052","$3,110","$3,234","$3,345","$3,448","$3,470","$3,927","$4,200","$4,450","$4,698","$4,927","$5,226","$5,330","$5,482","$5,658",3%,20%,,"$8,249","$8,643","$9,051","$9,792","$10,353","$10,764","$11,331","$12,085","$12,377","$12,802","$13,135","$13,393","$13,944","$14,510","$14,814","$14,937",1%,14%
Puerto Rico,N/A,N/A,N/A,N/A,N/A,N/A,N/A,N/A,N/A,N/A,N/A,N/A,N/A,N/A,N/A,N/A,N/A,N/A,,"$1,174","$1,411","$1,421","$1,786","$1,868","$1,892","$2,549","$2,613","$2,741","$1,912","$2,088","$2,110","$2,175","$2,100","$3,755","$4,004",7%,92%
Rhode Island,"$2,310","$2,470","$2,686","$2,846","$3,090","$3,376","$3,652","$3,676","$3,950","$3,950","$3,950","$4,266","$4,266","$4,560","$4,564","$4,700",3%,19%,,"$5,933","$6,439","$6,787","$7,221","$7,727","$8,503","$9,319","$10,014","$10,921","$10,896","$10,959","$11,396","$11,423","$12,240","$12,566","$13,060",4%,19%
South Carolina,"$2,828","$2,941","$3,125","$3,235","$3,346","$3,481","$3,646","$3,717","$4,248","$4,491","$4,642","$4,772","$4,984","$5,420","$5,625","$5,854",4%,26%,,"$6,611","$7,385","$7,913","$8,371","$9,132","$9,520","$10,063","$10,356","$10,744","$11,166","$11,450","$11,816","$12,207","$12,600","$12,966","$13,057",1%,14%
South Dakota,"$3,035","$3,196","$3,449","$3,596","$3,939","$4,314","$4,585","$4,943","$5,468","$5,541","$5,705","$6,138","$6,292","$6,560","$6,681","$6,989",5%,23%,,"$4,348","$4,593","$4,969","$5,343","$5,698","$6,031","$6,318","$6,793","$7,388","$7,644","$7,700","$8,055","$8,161","$8,440","$8,684","$8,977",3%,17%
Tennessee,"$2,197","$2,390","$2,490","$2,632","$2,777","$2,971","$3,196","$3,552","$3,659","$3,763","$3,947","$4,159","$4,262","$4,320","$4,575","$4,646",2%,18%,,"$4,306","$4,763","$4,973","$5,365","$5,686","$6,098","$6,522","$7,170","$7,676","$8,036","$8,925","$9,263","$9,537","$9,800","$9,977","$10,255",3%,15%
Texas,"$1,382","$1,469","$1,610","$1,649","$1,662","$1,746","$1,858","$2,040","$2,146","$2,204","$2,290","$2,324","$2,437","$2,560","$2,617","$2,754",5%,20%,,"$5,075","$5,385","$5,985","$6,450","$6,919","$7,328","$7,744","$8,053","$8,344","$8,521","$8,837","$9,221","$9,536","$9,880","$10,163","$10,468",3%,18%
Utah,"$2,017","$2,155","$2,324","$2,444","$2,555","$2,710","$2,867","$3,017","$3,149","$3,312","$3,466","$3,565","$3,661","$3,750","$3,813","$3,901",2%,13%,,"$3,274","$3,583","$3,816","$4,059","$4,275","$4,573","$4,916","$5,300","$5,612","$5,914","$6,161","$6,363","$6,560","$6,780","$6,988","$7,162",2%,16%
Vermont,"$4,720","$4,990","$5,230","$5,500","$5,830","$6,070","$6,250","$6,520","$6,790","$7,090","$7,320","$7,530","$7,740","$7,980","$8,115","$8,205",1%,12%,,"$8,783","$9,248","$9,783","$10,485","$11,341","$12,016","$12,474","$13,095","$13,525","$13,965","$14,476","$14,993","$15,562","$16,030","$16,998","$17,474",3%,21%
Virginia,"$2,081","$2,191","$2,372","$2,561","$2,860","$3,087","$3,585","$3,983","$4,192","$4,330","$4,560","$4,802","$4,973","$5,130","$5,254","$5,255",0%,15%,,"$5,579","$6,023","$6,556","$7,008","$7,581","$7,936","$8,809","$9,535","$9,901","$10,366","$11,183","$11,818","$12,353","$12,820","$13,491","$13,627",1%,22%
Washington,"$2,482","$2,633","$2,738","$2,879","$2,962","$3,153","$3,360","$3,814","$4,243","$4,306","$4,295","$4,172","$4,204","$4,310","$4,483","$4,611",3%,7%,,"$4,914","$5,252","$5,670","$5,986","$6,433","$7,321","$8,197","$9,494","$10,595","$10,811","$10,685","$10,287","$9,270","$9,490","$9,844","$10,077",2%,-6%
West Virginia,"$2,081","$2,102","$2,207","$2,345","$2,479","$2,632","$2,524","$2,707","$2,923","$3,278","$3,731","$3,829","$4,003","$4,180","$4,299","$4,384",2%,17%,,"$3,631","$3,871","$4,166","$4,406","$4,707","$4,980","$5,226","$5,536","$5,885","$6,253","$6,687","$7,143","$7,492","$7,910","$8,295","$8,487",2%,27%
Wisconsin,"$2,906","$3,132","$3,145","$3,270","$3,422","$3,507","$3,623","$3,829","$4,030","$4,179","$4,312","$4,466","$4,334","$4,460","$4,550","$4,619",2%,7%,,"$5,218","$5,626","$6,042","$6,413","$6,796","$7,169","$7,711","$8,197","$8,690","$8,741","$8,770","$8,809","$8,933","$8,920","$9,014","$9,104",1%,4%
Wyoming,"$1,686","$1,770","$1,830","$1,922","$2,018","$2,164","$2,223","$2,327","$2,440","$2,605","$2,706","$2,781","$2,999","$3,200","$3,246","$4,173",29%,54%,,"$3,243","$3,429","$3,515","$3,554","$3,621","$3,726","$3,927","$4,125","$4,278","$4,404","$4,646","$4,891","$5,055","$5,220","$5,400","$5,581",3%,20%
"SOURCE: The College Board, Annual Survey of Colleges.",,,,,,,,,,,,,,,,,,,,,,,,,,,,,,,,,,,,,
Note: Average tuition and fee prices are weighted by full-time enrollment. ,,,,,,,,,,,,,,,,,,,,,,,,,,,,,,,,,,,,,
Data on individual states should be interpreted with caution because of the possible impact of reporting errors and missing data on states with small numbers of institutions.,,,,,,,,,,,,,,,,,,,,,,,,,,,,,,,,,,,,,
This table was prepared in October 2019.,,,,,,,,,,,,,,,,,,,,,,,,,,,,,,,,,,,,,
,,,,,,,,,,,,,,,,,,,,,,,,,,,,,,,,,,,,,
,,,,,,,,,,,,,,,,,,,,,,,,,,,,,,,,,,,,,
,,,,,,,,,,,,,,,,,,,,,,,,,,,,,,,,,,,,,
